job_key,job_id,job_kind,title,company_name,company_industry,company_stage,company_size,location,salary,experience,education,benefits,detail_update_time,detail_recruit_count,detail_labels,match_reason,source_url,page_url,job_url,first_seen_at,last_seen_at,job_intro,company_intro
unknown:76267115,76267115,unknown,风控运营（美股）,某深圳大型互联网公司,"互联网,计算机软件",融资未公开,500-999人,深圳,30-60k,5-10年,本科,,今日更新,招1人,,标题领域词=风控; 标题岗位词=运营; 公司标签=互联网,https://www.liepin.com/zpfengkongyunying/,https://www.liepin.com/zpfengkongyunying/,https://www.liepin.com/a/76267115.shtml,2026-06-03T14:16:53+08:00,2026-06-18T10:05:07+08:00,"岗位职责：
1.负责公司自营 Omnibus 美股业务Margin 保证金、融券做空、美股期权的日常风控运营，把控盘中、盘后持仓风险。
2.负责保证金杠杆管控、维持保证金监控、追保与强平流程执行，防范杠杆透支风险。
3.负责融券业务风控：券源额度管理、做空头寸监控、做空风险预警、异常头寸处置。
4.核心重点：独立负责美股期权风险管理，包含期权持仓敞口、保证金校验、到期行权风险、异常期权监控与处置。
5.对接上游托管券商，核对风控头寸、处理风险差异，跟进各类异常、交割风险闭环。
6.日常风控指标监控、风险台账记录、周报日报输出，配合合规、清结算团队完成风险核查。

任职要求：
1.本科及以上学历，3年以上美股券商 / 自营机构风控运营经验。
2.硬性必备：同时具备美股 Margin、融券做空、美股期权风控运营实操经验，熟悉美股全品类交易风控逻辑。
3.熟悉美股规则、保证金制度、期权风险机制，懂持仓敞口、风险系数、强平逻辑。
4.英文可读写，能看懂海外券商风控报表与系统；熟练 Excel，数据敏感、严谨细心、抗压性强。
加分项
有头部券商、美股自营机构风控经验；熟悉期权组合策略风控；有风控流程优化、系统对接经验，
持有FRM/FCA证书者优先",
unknown:76374757,76374757,unknown,风控运营总监,某成都知名公司,"互联网,网络/信息安全,云计算/大数据",融资未公开,100-499人,成都,35-50k,5-10年,本科,,6月17日更新,招1人,,标题领域词=风控; 标题岗位词=运营; 公司标签=互联网,https://www.liepin.com/zpfengkongyunying/,https://www.liepin.com/zpfengkongyunying/,https://www.liepin.com/a/76374757.shtml,2026-06-13T13:46:17+08:00,2026-06-18T10:05:07+08:00," 数据链风控（核心）
 建立企业端→政府端数据全链路风控机制，确保数据采集、传输、存储、展示全节点可审计、防篡改；
 制定数据质量 SLA 标准，监控企业端数据上报的完整性、及时性、真实性，识别数据断流、数据造假、延迟超标等异常；
 牵头搭建数据异常预警体系：传感器离线、关键指标突变、数据趋势异常等场景的自动化告警与处置；
 协同技术团队推进区块链存证、数字签名等数据可信技术在产品中的落地。
 政企合规管理
 跟踪住建领域法规政策（安全生产法、建筑法、数据安全法、个人信息保护法），输出政策解读与合规应对方案；
 主导政府监管平台合规审查：确保平台通过住建部门验收标准，满足政务信息系统建设管理要求；
 跟进信创适配要求，确保产品在国产化环境中合规运行。
 业务连续性风控
 建立双端 SLA 监控体系：企业端故障直接影响政府监管能力，确保核心数据链路高可用；
 制定极端场景应急预案：大面积传感器离线、网络攻击、数据中台故障等场景的应急响应流程；
 定期组织双端联动应急演练，验收恢复时间目标（RTO）和恢复点目标（RPO）。
 项目交付风险管控
 建立政企项目招投标合规审查流程：投标承诺能兑现、合同条款不踩红线、交付标准可量化；
 监控在施项目的交付进度、数据接入质量、验收风险，前置预警延期或验收不通过的风险；
 协同售前团队把控售前承诺的可交付性，避免中标后做不了的系统性风险。
 数据主权与隐私保护
 建立政企数据分类分级体系，明确什么数据上政府端、什么数据留企业端、什么数据需双向同步；
 确保数据采集边界清晰：施工现场实名制、人脸识别等涉及个人隐私的数据，采集与使用全程合规；
 主导数据安全事件应急响应机制，定期开展渗透测试与安全审计。
 团队建设
 从 0 到 1 搭建风控运营团队（策略、数据合规、业务连续性、审计方向）；
 推动全员风险意识培训，让销售、交付、产研都理解不是能不能做，而是做了会不会出事",
unknown:1976120531,1976120531,unknown,风险运营,字节跳动,互联网,融资未公开,10000人以上,北京-慈云寺,20-40k·15薪,3-5年,本科,五险一金 | 年终奖金 | 绩效奖金 | 带薪年假,6月17日更新,招1人,五险一金 | 年终奖金 | 绩效奖金 | 带薪年假 | 节日礼物 | 餐费补贴 | 住房补贴 | 交通补助 | 发展空间大 | 公司规模大,标题领域词=风险; 标题岗位词=运营; 公司标签=互联网,https://www.liepin.com/zpfengxianyunying/,https://www.liepin.com/zpfengxianyunying/,https://www.liepin.com/job/1976120531.shtml,2026-04-14T14:01:30+08:00,2026-06-18T10:05:07+08:00,"职位描述
1、协同进行风险指标建设，持续监测风险水位的同时对于规则变化，针对漏放场景进行风险兜底和反哺，促进风险指标持续降低；
2、运用各种机器&算法策略，搭建巡检能力为存量风险的识别能力负责，平衡召回目标和审核ROI不断提升召回能力，对大盘风险水位下降和机审覆盖率的提升负责；
3、通过产品运营职能建设内容风控相关产品工具，提升效率，降低成本；
4、负责基地对接、细则下沉协作、工具共建、队列建设等工作，保证协作效率和交付质量。
职位要求
1、本科及以上学历；
2、具备内容治理相关策略、规则、产品、交付管理相关经验优先；
3、具备良好的沟通表达能力，对于陌生领域有快速的学习能力；
4、有韧性，能对短期波动保持耐心。","字节跳动成立于2012年3月，公司使命为“Inspire Creativity, Enrich Life（激发创造，丰富生活）”。公司业务覆盖150个国家和地区，拥有15万名员工。
字节跳动在全球推出了多款有影响力的产品，包括今日头条、抖音、西瓜视频、飞书、Lark、PICO、剪映、TikTok等。截至2021年6月，字节跳动旗下产品全球月活跃用户数超过19亿。"
unknown:1982869117,1982869117,unknown,风险运营（蓝军、事故方向）,字节跳动,互联网,融资未公开,10000人以上,北京-慈云寺,20-35k·15薪,3-5年,本科,五险一金 | 年终奖金 | 绩效奖金 | 带薪年假,6月17日更新,招1人,五险一金 | 年终奖金 | 绩效奖金 | 带薪年假 | 节日礼物 | 餐费补贴 | 住房补贴 | 交通补助 | 发展空间大 | 公司规模大,标题领域词=风险; 标题岗位词=运营; 公司标签=互联网,https://www.liepin.com/zpfengxianyunying/,https://www.liepin.com/zpfengxianyunying/,https://www.liepin.com/job/1982869117.shtml,2026-06-03T14:16:53+08:00,2026-06-18T10:05:07+08:00,"职位描述
1、洞察生服内容安全风险趋势，产出高价值风险情报与预警，为平台前置治理提供关键决策输入；
2、主导蓝军对抗演练与模拟投放，多维度验证防线有效性，反哺机审策略与模型迭代优化；
3、牵头建立风险图谱与攻防案例库，沉淀体系化风控运营方法论，提升团队风险预判与处置效能；
4、协同产研及业务方推动风险点位闭环，通过复盘机制补齐治理短板，持续压降内容合规风险；
5、驱动风险发现能力的自动化升级，建立从巡检到策略落地的 PDCA 闭环，确保安全健康度持续向好。
职位要求
1、精通内容安全运营，具备敏锐的风险趋势洞察与深度分析能力；
2、具备深厚的对抗思维，有主导蓝军演练或策略闭环经验者优先；
3、擅长风险建模与体系化机制建设，能独立产出具备行业深度的运营方法论；
4、极强的跨团队协同与影响力，能驱动产研及业务方共同解决复杂风险问题。","字节跳动成立于2012年3月，公司使命为“Inspire Creativity, Enrich Life（激发创造，丰富生活）”。公司业务覆盖150个国家和地区，拥有15万名员工。
字节跳动在全球推出了多款有影响力的产品，包括今日头条、抖音、西瓜视频、飞书、Lark、PICO、剪映、TikTok等。截至2021年6月，字节跳动旗下产品全球月活跃用户数超过19亿。"
unknown:74973847,74973847,unknown,渠道风险管理运营,某杭州知名互联网公司,互联网,500-999人,,杭州,30-60k·20薪,经验不限,学历不限,,6月17日更新,招1人,,标题领域词=风险; 标题岗位词=运营; 公司标签=互联网,https://www.liepin.com/zpfengxianyunying/,https://www.liepin.com/zpfengxianyunying/,https://www.liepin.com/a/74973847.shtml,2026-05-03T12:50:12+08:00,2026-06-18T10:05:07+08:00,"1、渠道风险管理运营-香港/深圳/新加坡/杭州/上海


核心工作职责:

风险调查与处置:
对系统预警的疑似风险点（如可疑交易、高风险客户）进行深入调查（包括实地走访、背景调查、信息核实）。
分析调查结果，判断风险等级，提出风险处置建议（如冻结、上报、终止合作）。
合规与报告:
撰写渠道需要的调查报告、月度/季度/年度渠道风险分析报告，提炼风险点，反哺策略岗位，支持业务决策。
渠道风险管理:
关注不同合作渠道（银行渠道、PSP渠道等）的风险偏好，进行针对性管理。
动态监控各渠道的风险形势，及时进行RCA分析。
参与渠道对接、事中review等工作，从源头了解渠道要求并控制、监控风险。
跨部门协作:
与业务部门、合规部门、尽调部门、结算部门等紧密合作，牵头渠道银行风险管理相关类事务的内部推动和落地、落地效果的日常监控等。
与渠道合作部紧密配合，协助推动合作银行DDQ、onsite等事务性工作。 

任职要求:

有银行、第三方支付公司风控、合规、反洗钱经验者优先。
能力: 强大的数据分析、逻辑思维、文字表达能力和风险敏感度，熟悉金融产品和监管政策。
素质: 严谨细致，抗压能力强，具备良好的职业道德和团队合作精神。

2、卡业务渠道运营-香港/深圳/新加坡/杭州/上海

职位描述
你将成为连接用户、渠道与内部产品团队的“核心枢纽”。该岗位不仅要求极强的多线程处理能力，更需要你具备从琐碎、复杂的交易数据和物流反馈中，抽象出标准SOP的能力。你的目标是确保每一张卡片都能准确送达，每一笔异常交易都能得到闭环处理。

岗位职责
渠道对接： 负责与相关渠道沟通，处理包括交易失败、退款争议、异常入账等核心业务问题。
退款流程标准化： 从复杂的订单数据中梳理退款链路，制定并不断优化标准退款流程（Refund SOP），提升处理效率与财务对账准确性。
物流与交付管理： 负责实体卡的生产、制卡进度追踪及物流监控，协调解决配送过程中的丢包、延迟等异常，确保用户交付体验。
反馈闭环与SOP沉淀： 收集并分析用户侧的共性问题，输出标准操作手册（SOP），并反哺产品团队，推动底层逻辑优化以减少同类问题发生。
应急响应： 建立异常交易监控与快速响应机制，在出现系统性波动时，能够第一时间对接渠道排查原因并给出用户侧话术方案。

任职要求
背景要求： 有金融科技（FinTech）、第三方支付、银行信用卡中心或跨境电商运营经验者优先。
核心能力： 多线程管理能力： 能够同时应对来自用户、渠道、物流公司等多个维度的琐碎事务，并能保持高效、从容的节奏。
o数据洞察力： 具备一定的数据分析能力（熟练使用 Excel/SQL 等），能从海量交易记录中捕捉规律，并基于数据提出“运营最优解”。
o沟通与语言： 英语流利（书写与口语），能直接与全球合作方进行技术与业务细节的深度沟通。
工作风格： 典型的“结果导向型”选手，对解决问题有执念，具备极强的跨部门推动力。",
unknown:75963319,75963319,unknown,风控策略运营专家,某互联网公司,互联网/电商,融资未公开,10000人以上,杭州,35-50k·16薪,5-10年,本科,,6月16日更新,招1人,,标题领域词=风控; 标题岗位词=运营; 公司标签=互联网,https://www.liepin.com/zpfengkongyunying/,https://www.liepin.com/zpfengkongyunying/,https://www.liepin.com/a/75963319.shtml,2026-05-23T12:52:11+08:00,2026-06-18T10:05:07+08:00,"岗位描述
负责平台商家合规经营、履约能力提升的建设与优化;
2、从业务、支付、价格等角度挖掘风险特征，设计并实施风险解决方案;
3、深入分析平台风险数据，通过大数据能力挖掘平台风险，提前感知并预警风险;监控风险指标，识别异常并制定干预措施，确保业务风险可控，推动风险管理流程持续优化。
岗位要求
1、数学、统计、安全、风险管理相关专业，大学本科学历以上:
有5年以上安全相关的工作经验，有电商风控、金融风控，风险分析、数据化运营经验者优先;良好的沟通能力，较强的逻辑思维能力和跨部门协同能力，能够独立开展项目;熟练掌握SOL/python/R等分析语言及工具，熟练掌握风险分析技巧;具有敏锐的风,险意识和风险判断力，对风险控制有深刻理解，思维敏捷，学习能力强",
unknown:1982637373,1982637373,unknown,商家风控运营专家-抖音生活服务,字节跳动,互联网,融资未公开,10000人以上,朝阳区,35-55k·15薪,3-5年,本科,,6月16日更新,招1人,,标题领域词=风控; 标题岗位词=运营; 公司标签=互联网,https://www.liepin.com/zpfengkongyunying/,https://www.liepin.com/zpfengkongyunying/,https://www.liepin.com/job/1982637373.shtml,2026-05-23T12:52:11+08:00,2026-06-18T10:05:07+08:00,"职位描述: 
1、负责生活服务的风控运营工作，完成相关风险场景的定义、识别策略部署、处置动作的落地等；
2、有效协同横向团队，整合产品、研发、算法资源达成业务结果；
3、通过数据分析、运营手段管控治理商家、平台经营过程中遇到的资产损失、被恶意攻击等问题；通过产品、技术能力迭代提升攻防效率；
4、通过深入调查黑灰产市场，建立有效监控渠道和手段，持续进行风险类情报的监控采集，为业务提供情报服务；
5、通过指标监控和数据分析，及时掌握风险及业务的变化，根据实际情况持续优化调整政策、规则或模型。

职位要求: 
1、本科及以上学历，3年及以上互联网产品运营经验，具备风控、法律、规则等相关工作背景者优先；
2、具备优秀的结构化思维能力，能洞察用户痛点并把握问题本质，设计可切实落地的方案，有业务和数据分析的经验和知识，善于应用数据分析发现和挖掘问题；
3、善于交流，有良好的资源协调和沟通能力，有跨部门多方密切配合的经验和意识，需要有效协调多方资源，推落地，拿结果的实战经验；
4、具备较强的适应能力，能够自我驱动不断提升。","字节跳动成立于2012年3月，公司使命为“Inspire Creativity, Enrich Life（激发创造，丰富生活）”。公司业务覆盖150个国家和地区，拥有15万名员工。
字节跳动在全球推出了多款有影响力的产品，包括今日头条、抖音、西瓜视频、飞书、Lark、PICO、剪映、TikTok等。截至2021年6月，字节跳动旗下产品全球月活跃用户数超过19亿。"
unknown:1983297637,1983297637,unknown,审核及风控运营-TikTok Music,字节跳动,互联网,融资未公开,10000人以上,北京-大钟寺,25-40k·15薪,3-5年,本科,,6月16日更新,招1人,,标题领域词=风控; 标题岗位词=运营; 公司标签=互联网,https://www.liepin.com/zpfengkongyunying/,https://www.liepin.com/zpfengkongyunying/,https://www.liepin.com/job/1983297637.shtml,2026-06-13T13:46:17+08:00,2026-06-18T10:05:07+08:00,"职位描述
1、负责音乐作品的版权审核与内容合规，确保符合全球法律法规及平台政策；
2、持续优化人审与机审协同流程，提升审核效率与准确率；
3、识别并打击平台上的违规行为，包括虚假账号、AI 生成音乐滥用、版权侵权及结算欺诈；
4、针对账号注册及活动链路，设计并落地风控策略，降低业务风险；
5、基于数据分析，制定并更新审核标准与风险治理政策；跟踪全球音乐版权动态及黑产趋势，预判并应对潜在风险点；
6、与数据科学、 法务、厂牌及产品研发团队紧密配合，推动账号及歌曲生态治理；
7、独立开展风险趋势调查与个案回溯，沉淀业务洞察；定期产出高质量的运营报告，为业务决策提供数据支撑。
职位要求
1、英语流利（书面及口语），能够作为工作语言与全球团队进行高效无障碍协作；
2、具备极强的独立分析能力和逻辑思维，能够从复杂数据中发现异常并制定闭环方案；
3、对数据敏感，熟悉常用的数据分析工具（如 SQL, Tableau 等者优先）；
4、具有内容审核、互联网风控、版权治理或音乐行业相关工作经验者优先；
5、熟悉国际主流流媒体平台（如 TikTok, Spotify, Youtube,Apple Music）的版权规则与运营逻辑；
6、强烈的责任心与原则性，能够在高压环境下保持专业判断；优秀的沟通协调能力，能够推动跨职能、跨地域的项目落地。","字节跳动成立于2012年3月，公司使命为“Inspire Creativity, Enrich Life（激发创造，丰富生活）”。公司业务覆盖150个国家和地区，拥有15万名员工。
字节跳动在全球推出了多款有影响力的产品，包括今日头条、抖音、西瓜视频、飞书、Lark、PICO、剪映、TikTok等。截至2021年6月，字节跳动旗下产品全球月活跃用户数超过19亿。"
unknown:73647499,73647499,unknown,风险策略运营专家-支付宝中台,某互联网知名公司,互联网/电商,融资未公开,10000人以上,杭州,35-65k·16薪,5-10年,本科,,6月16日更新,招1人,,标题领域词=风险; 标题岗位词=运营; 公司标签=互联网,https://www.liepin.com/zpfengxianyunying/,https://www.liepin.com/zpfengxianyunying/pn1/,https://www.liepin.com/a/73647499.shtml,2026-04-14T14:01:30+08:00,2026-06-18T10:05:07+08:00,"岗位描述
 参与到全球的普惠生态体系建设中，有机会体验供给数字化平台治理的乐趣，有机会去设计生态平台运行营机制和治理体系，成为数字化经济时代浪潮的经济师。
 1.根据业务运行情况、把握发展趋势，结合行业特点、特色及弊端，能快速发现风险，根据政策法规、市场、用户等因素输出风险洞察、制订结合业务的数字化供给和商户的综合治理策略;
 2.结合业务场景特点，洞察、分析数字化供给与商户经营动线、风险特征，制订适配业务的场景化商业性的治理策略和规则体系;
 3.利用平台产品能力，对风险进行解读、分析、评估，搭建风险防控策略体系，通过风险管控为业务运行护航;
 4.在深刻理解业务的基础上，利用数据化运营思维，深入业务数据分析，挖掘风险特征进行有效策略迭代更新，进而沉淀治理数据体系、推进治理能力的产品矩阵建设;
 5.风险预警与应急管理，完善突发事件从感知、协同、处置、分析预警的全链路管理；完善对突发事件的应急处置机制；持续修订并完善安全管理、紧急突发事件、危机处置等相关标准及程序。
 岗位要求
 1.熟悉互联网平台型业务的平台治理、安全运营、规则管理等业务模块，熟悉治理体系建设、运营的全貌，具有商业敏感度和风险意识;
 2.态度严谨，原则性强，优秀的跨团队的沟通协调能力、项目管理能力;
 3.良好的数据敏感度、逻辑思维、业务产品化思维，有独立数据深入分析、总结能力;
 4.行业治理、商品治理，及交易行为、内容合规、知产侵权、应急管理等方面的风险治理与防控经验者优先。",
unknown:1980561157,1980561157,unknown,运营风控岗,上海聚均科技有限公司,"科技金融,互联网,云计算/大数据",A轮融资,100-499人,上海-联洋,15-30k,3-5年,本科,五险一金 | 带薪年假 | 餐费补贴 | 扁平管理,6月16日更新,招2人,五险一金 | 带薪年假 | 餐费补贴 | 扁平管理 | 高端医疗保险,标题领域词=风控; 标题岗位词=运营; 公司标签=互联网,https://www.liepin.com/zpfengkongyunying/,https://www.liepin.com/zpfengkongyunying/pn2/,https://www.liepin.com/job/1980561157.shtml,2026-04-14T14:01:30+08:00,2026-06-18T10:05:07+08:00,"岗位职责：
1、负责供应链金融风控体系的搭建、完善和优化，制定并持续改进风险管理的各项制度、政策、操作规程和业务流程。
2、覆盖债权类业务和货权类业务的贷前、贷中到贷后的全流程风险管控，包括资料审核、风险识别与评估、审批意见出具、关键环节监督、持续监控及预警响应等。
3、参与项目调研，关注业务中的风险管控，将风险管控节点融入公司获客类平台的交易流程。
4、基于大数据风控特点，设计并优化评级打分卡和风险模型；利用多维数据（如第三方数据、舆情监控）进行风险分析和监控。
5、参与新产品的设计与评审，从风险控制要点出发提供合理化建议；对相关业务人员进行风险知识和产品的培训。
6、与业务部门、技术部门、资金方及外部合作伙伴等进行有效沟通，协调落实风控措施，推动风险管理要求的执行。
7、依据平台数据分析结果，定期迭代优化风控指标、规则、模型、画像等内容，旨在使模型更贴合业务场景使用。

任职资格：
1、金融、经济、法律、数学、统计等相关专业本科及以上学历。
2、3年以上供应链金融、银行对公信贷、保理、融资租赁、担保等行业的风控相关工作经验。有银行或知名金融机构的对公业务、风险管理经历者优先。
3、熟悉产业链、银行对公信贷业务，精通应收账款融资、货押融资、预付款融资等常见产品的风险点和管控措施。
4、能独立进行风险审核，对市场风险有独立见解，能敏锐识别风险。
5、能独立进行数据分析，并提供业务操作指导，熟悉风险计量方法和风险缓释技术。
6、了解相关金融法律法规和监管政策。
7、具有较强的团队合作意识、担当精神、执行能力；学习意愿强，责任心强。具备较好的组织推动能力、较强的责任心、优秀的沟通、表达、协调能力和学习能力，抗压力强。","聚均科技是上海市高新技术企业，融合全球先进的物联网、区块链、云计算、大数据、人工智能等全场景数字科技手段，为金融机构产业金融服务的数字化转型提供整体解决方案，服务金融机构高质量数字化转型。
聚均科技拥有多项技术资质和专利。公司通过了 ISO9001质量管理体系认证、ISO20000 信息技术服务管理体系认证、ISO27001 信息安全管理体系认证、CMMI V2.0 三级认证，旗下产业数字金融服务平台通过信息系统安全等级保护（2.0版）三级复测。同时，公司还参与了国家信息安全标准制定，助力金融机构在安全合规、核心技术国产化、国密改造等方面取得超前优势。
经过多年的探索、创新、实践，聚均科技获得了诸多权威机构认可。公司作为产业数字金融综合服务商入选“2021 IDC 中国 FinTech 50”，旗下产业数字金融服务平台入选工信部国家产融合作平台优秀案例，“产业数字金融模式研究与应用”荣获“2021 数博会科技成果优秀项目奖”等。
聚均科技遵循数字经济时代“融合、生态、赋能”的客观规律，愿与客户建立价值共生、合作共赢的长期伙伴关系；同时不忘初心，致力于为系统性解决产业链上中小企业融资难、融资贵问题，为实现经济运行降本增效、中国经济高质量发展贡献自己的力量。"
unknown:1983261195,1983261195,unknown,风险商家达人治理策略运营专家-抖音电商,字节跳动,互联网,融资未公开,10000人以上,上海-五角场,20-40k·15薪,5-10年,本科,,6月15日更新,招1人,,标题领域词=风险; 标题岗位词=运营; 公司标签=互联网,https://www.liepin.com/zpfengxianyunying/,https://www.liepin.com/zpfengxianyunying/pn1/,https://www.liepin.com/job/1983261195.shtml,2026-06-13T13:46:17+08:00,2026-06-18T10:05:07+08:00,"职位描述: 
1、基于用户体验升级与公司战略方向，负责大服饰赛道风险防控全流程体系建设，确保风险及时感知、阻断、高效攻防；为用户消费体验提供综合解决方案；
2、围绕治理目标，建立良好的沟通协同机制，联动产品、算法、售后等协同团队，主导治理策略落地与过程管理，及时识别风险主动干预，保障策略高效落地；
3、能够敏锐的发现业务问题与潜在机会点，并进行体系化梳理，以产品化智能化的方式推进落地，为业务提效；
4、常态化监控策略效果，反哺策略优化；基于风险动态变化，快速落地专项治理与应急处置，沉淀方法论，推进风险治理长效化、精细化运营。

职位要求: 
1、本科及以上学历，电商平台内容安全、治理策略、风控策略运营经验者优先；
2、逻辑清晰，善于梳理复杂问题并快速拆解，具备智能化驱动业务提效意识；
3、具备良好的项目管理能力，沟通协同能力强，目标感及自驱能力突出，能0-1推进项目落地，对结果负责。","字节跳动成立于2012年3月，公司使命为“Inspire Creativity, Enrich Life（激发创造，丰富生活）”。公司业务覆盖150个国家和地区，拥有15万名员工。
字节跳动在全球推出了多款有影响力的产品，包括今日头条、抖音、西瓜视频、飞书、Lark、PICO、剪映、TikTok等。截至2021年6月，字节跳动旗下产品全球月活跃用户数超过19亿。"
unknown:1982830411,1982830411,unknown,风险商家达人治理策略运营专家-抖音电商,字节跳动,互联网,融资未公开,10000人以上,海淀区,25-60k·15薪,3-5年,本科,,6月15日更新,招1人,,标题领域词=风险; 标题岗位词=运营; 公司标签=互联网,https://www.liepin.com/zpfengxianyunying/,https://www.liepin.com/zpfengxianyunying/pn1/,https://www.liepin.com/job/1982830411.shtml,2026-06-03T14:16:53+08:00,2026-06-18T10:05:07+08:00,"职位描述: 
1、基于用户体验升级与公司战略方向，负责大服饰赛道风险防控全流程体系建设，确保风险及时感知、阻断、高效攻防；为用户消费体验提供综合解决方案；
2、围绕治理目标，建立良好的沟通协同机制，联动产品、算法、售后等协同团队，主导治理策略落地与过程管理，及时识别风险主动干预，保障策略高效落地；
3、能够敏锐地发现业务问题与潜在机会点，并进行体系化梳理，以产品化、智能化的方式推进落地，为业务提效；
4、常态化监控策略效果，反哺策略优化；基于风险动态变化，快速落地专项治理与应急处置，沉淀方法论，推进风险治理长效化、精细化运营。

职位要求: 
1、本科及以上学历，内容安全、治理策略、风控策略运营经验者优先；
2、逻辑清晰，善于梳理复杂问题并快速拆解，具备智能化驱动业务提效意识；
3、具备良好的项目管理能力，沟通协同能力强，目标感突出，能0-1推进项目落地，对结果负责。","字节跳动成立于2012年3月，公司使命为“Inspire Creativity, Enrich Life（激发创造，丰富生活）”。公司业务覆盖150个国家和地区，拥有15万名员工。
字节跳动在全球推出了多款有影响力的产品，包括今日头条、抖音、西瓜视频、飞书、Lark、PICO、剪映、TikTok等。截至2021年6月，字节跳动旗下产品全球月活跃用户数超过19亿。"
unknown:1983415525,1983415525,unknown,交易风控运营专家-抖音生活服务,字节跳动,互联网,融资未公开,10000人以上,北京-大钟寺,25-55k·15薪,1年以上,本科,发展空间大 | 六险一金,6月12日更新,招1人,发展空间大 | 六险一金,标题领域词=风控; 标题岗位词=运营; 公司标签=互联网,https://www.liepin.com/zpfengkong/ | https://www.liepin.com/zpfengkongyunying/,https://www.liepin.com/zpfengkong/ | https://www.liepin.com/zpfengkongyunying/,https://www.liepin.com/job/1983415525.shtml,2026-06-13T13:46:17+08:00,2026-06-18T10:05:07+08:00,"职位描述
1、负责生活服务的风控运营工作，完成相关风险场景的定义、识别策略部署、处置动作的落地等；
2、设计风险解决方案：基于数据分析和业务理解，设计风险商家识别策略、运营管控手段，减少平台流量、资源损失，通过AI能力迭代提升攻防效率；
3、搭建和迭代商家管控策略：包括机制建设、规则输出、分层策略制定等，通过指标监控和数据分析，及时掌握风险及业务的变化，平衡业务收益与风险，提升行业生态健康；
4、通过指标监控和数据分析，及时掌握风险及业务的变化，根据实际情况持续优化调整政策、规则或模型；
5、有效协同横向团队，整合产品、研发、算法资源达成业务结果。
职位要求
1、本科及以上学历，1年及以上互联网产品运营经验，具备风控、行业运营等相关工作背景者优先；
2、具备优秀的结构化思维能力，能洞察用户痛点并把握问题本质，设计可切实落地的方案，有业务和数据分析的经验和知识，善于应用数据分析发现和挖掘问题；
3、善于交流，有良好的资源协调和沟通能力，有跨部门多方密切配合的经验和意识，需要有效协调多方资源，推落地，拿结果的实战经验；
4、具备较强的适应能力，能够自我驱动不断提升，有互联网企业相关从业背景优先。","字节跳动成立于2012年3月，公司使命为“Inspire Creativity, Enrich Life（激发创造，丰富生活）”。公司业务覆盖150个国家和地区，拥有15万名员工。
字节跳动在全球推出了多款有影响力的产品，包括今日头条、抖音、西瓜视频、飞书、Lark、PICO、剪映、TikTok等。截至2021年6月，字节跳动旗下产品全球月活跃用户数超过19亿。"
unknown:1983415563,1983415563,unknown,商家风控运营专家-抖音生活服务,字节跳动,互联网,融资未公开,10000人以上,北京-慈云寺,35-55k·15薪,3年以上,本科,发展空间大 | 六险一金,6月12日更新,招1人,发展空间大 | 六险一金,标题领域词=风控; 标题岗位词=运营; 公司标签=互联网,https://www.liepin.com/zpfengkong/ | https://www.liepin.com/zpfengkongyunying/,https://www.liepin.com/zpfengkong/ | https://www.liepin.com/zpfengkongyunying/,https://www.liepin.com/job/1983415563.shtml,2026-06-13T13:46:17+08:00,2026-06-18T10:05:07+08:00,"职位描述
1、负责生活服务的风控运营工作，完成相关风险场景的定义、识别策略部署、处置动作的落地等；
2、有效协同横向团队，整合产品、研发、算法资源达成业务结果；
3、通过数据分析、运营手段管控治理商家、平台经营过程中遇到的资损、被恶意攻击等问题；通过产品、技术能力迭代提升攻防效率；
4、通过深入调查黑灰产市场，建立有效监控渠道和手段，持续进行风险类情报的监控采集，为业务提供情报服务；
5、通过指标监控和数据分析，及时掌握风险及业务的变化，根据实际情况持续优化调整政策、规则或模型。
职位要求
1、本科及以上学历，3年及以上互联网产品运营经验，具备风控、法律、规则等相关工作背景者优先；
2、具备优秀的结构化思维能力，能洞察用户痛点并把握问题本质，设计可切实落地的方案，有业务和数据分析的经验和知识，善于应用数据分析发现和挖掘问题；
3、善于交流，有良好的资源协调和沟通能力，有跨部门多方密切配合的经验和意识，需要有效协调多方资源，推落地，拿结果的实战经验；
4、具备较强的适应能力，能够自我驱动不断提升。","字节跳动成立于2012年3月，公司使命为“Inspire Creativity, Enrich Life（激发创造，丰富生活）”。公司业务覆盖150个国家和地区，拥有15万名员工。
字节跳动在全球推出了多款有影响力的产品，包括今日头条、抖音、西瓜视频、飞书、Lark、PICO、剪映、TikTok等。截至2021年6月，字节跳动旗下产品全球月活跃用户数超过19亿。"
unknown:1983415401,1983415401,unknown,风险感知策略运营专家-抖音生活服务,字节跳动,互联网,融资未公开,10000人以上,徐汇区,20-40k·15薪,3年以上,本科,发展空间大 | 六险一金,6月12日更新,招1人,发展空间大 | 六险一金,标题领域词=风险; 标题岗位词=运营; 公司标签=互联网,https://www.liepin.com/zpfengxianyunying/,https://www.liepin.com/zpfengxianyunying/,https://www.liepin.com/job/1983415401.shtml,2026-06-13T13:46:17+08:00,2026-06-18T10:05:07+08:00,"职位描述
1、负责生服治理场景风险感知体系的搭建与优化，建立风险预警及问题流转机制，监控问题解决效率及风险关闭率。 
2、应用AI能力，服务感知策略及研判的智能化，零到一建设并完善智能化感知平台能力。 
3、深入分析本地生活业务场景中的各类风险（商家商品、内容治理、风控安全等），制定针对性的感知策略，确保未知风险/已知风险漏放提前感知。 
4、输出高质量的负责风险场景风险感知研判报告，为业务决策提供数据支持和建议。 
5、通过数据驱动的方式，持续监控风险指标，能够梳理及提炼感知风险漏水点，发现不同风险场景下的潜在风险点，并推动治理业务、产品、技术团队等落地解决方案，确保风险解决。 
职位要求
1、本科及以上学历，计算机、统计学、数学、信息安全等相关专业优先。 
2、具备AI应用能力，有一定智能化风险感知经验优先。 
3、3 年以上互联网风控/安全运营经验，熟悉互联网常见风险类型，对治理业务链路及治理策略有一定的了解，对本地生活业务治理或风控策略经验者优先（外卖、到店、酒旅、社区团购等领域）。 
4、优秀的数据分析能力，精通 SQL、Python 等数据分析工具，能够独立完成复杂的数据挖掘和分析。数据及风险策略敏感度高，能够通过数据异动发现风险规律或问题。 
5、有成熟的风险感知体系建设或运营经验，横向沟通协调能力佳，能够推动跨部门解决风险问题。抗压能力强，适应快节奏工作环境。","字节跳动成立于2012年3月，公司使命为“Inspire Creativity, Enrich Life（激发创造，丰富生活）”。公司业务覆盖150个国家和地区，拥有15万名员工。
字节跳动在全球推出了多款有影响力的产品，包括今日头条、抖音、西瓜视频、飞书、Lark、PICO、剪映、TikTok等。截至2021年6月，字节跳动旗下产品全球月活跃用户数超过19亿。"
unknown:76467589,76467589,unknown,运营风控总监,某成都互联网公司,"互联网,网络/信息安全,云计算/大数据",融资未公开,100-499人,成都,45-55k,5-10年,本科,,6月12日更新,招1人,,标题领域词=风控; 标题岗位词=运营; 公司标签=互联网,https://www.liepin.com/zpfengkongyunying/,https://www.liepin.com/zpfengkongyunying/,https://www.liepin.com/a/76467589.shtml,2026-06-13T13:46:17+08:00,2026-06-18T10:05:07+08:00,"1、数据链风控
2、政企合规管理
3、项目交付风险管控
4、数据主权与隐私保护
任职要求：
8 年以上风控/合规/信息安全相关经验，其中 3 年以上团队管理经验
数据驱动：能搭建风险监控 Dashboard，用指标和趋势数据说话",
unknown:1983361355,1983361355,unknown,大模型运营（电商内容安全产品方向）,字节跳动,互联网,融资未公开,10000人以上,西安-民乐园,18-35k·15薪,3年以上,本科,,6月11日更新,招1人,,标题领域词=内容安全; 标题岗位词=运营; 公司标签=互联网,https://www.liepin.com/zpneironganquan/,https://www.liepin.com/zpneironganquan/,https://www.liepin.com/job/1983361355.shtml,2026-06-11T14:05:52+08:00,2026-06-18T10:05:07+08:00,"该岗位可Base西安/郑州/成都
职位描述
1、负责产品运营工作，理解产品和业务场景，面向电商内容安全业务提供相关产品能力支持，助力业务目标达成与发展；
2、与内部各业务建立良好的协作关系，及时跟进和收集相关业务需求，搭建相关需求运营机制；
3、基于数据驱动制定产品运营指标，结合AI及行业前沿推动产品改进及运营策略优化，提升运营效率和平台产品的使用体验；
4、负责跟进不同业务的产品需求，搭建一站式解决方案，打造标杆案例及产品推广和培训体系。
职位要求
1、本科及以上学历，产品运营经验或相关解决方案运营经验优先，AI产品运营经验优先；
2、有良好的组织沟通和推进能力，能够在复杂环境下沟通协作；
3、工作态度严谨，逻辑思维清晰，有追求细节的意识；
4、较强的逻辑分析能力和项目管理能力。","字节跳动成立于2012年3月，公司使命为“Inspire Creativity, Enrich Life（激发创造，丰富生活）”。公司业务覆盖150个国家和地区，拥有15万名员工。
字节跳动在全球推出了多款有影响力的产品，包括今日头条、抖音、西瓜视频、飞书、Lark、PICO、剪映、TikTok等。截至2021年6月，字节跳动旗下产品全球月活跃用户数超过19亿。"
unknown:1983361353,1983361353,unknown,大模型运营（电商内容安全产品方向）,字节跳动,互联网,融资未公开,10000人以上,郑州-陇海西路,18-35k·15薪,3年以上,本科,,6月11日更新,招1人,,标题领域词=内容安全; 标题岗位词=运营; 公司标签=互联网,https://www.liepin.com/zpneironganquan/,https://www.liepin.com/zpneironganquan/,https://www.liepin.com/job/1983361353.shtml,2026-06-11T14:05:52+08:00,2026-06-18T10:05:07+08:00,"该岗位可Base西安/郑州/成都
职位描述
1、负责产品运营工作，理解产品和业务场景，面向电商内容安全业务提供相关产品能力支持，助力业务目标达成与发展；
2、与内部各业务建立良好的协作关系，及时跟进和收集相关业务需求，搭建相关需求运营机制；
3、基于数据驱动制定产品运营指标，结合AI及行业前沿推动产品改进及运营策略优化，提升运营效率和平台产品的使用体验；
4、负责跟进不同业务的产品需求，搭建一站式解决方案，打造标杆案例及产品推广和培训体系。
职位要求
1、本科及以上学历，产品运营经验或相关解决方案运营经验优先，AI产品运营经验优先；
2、有良好的组织沟通和推进能力，能够在复杂环境下沟通协作；
3、工作态度严谨，逻辑思维清晰，有追求细节的意识；
4、较强的逻辑分析能力和项目管理能力。","字节跳动成立于2012年3月，公司使命为“Inspire Creativity, Enrich Life（激发创造，丰富生活）”。公司业务覆盖150个国家和地区，拥有15万名员工。
字节跳动在全球推出了多款有影响力的产品，包括今日头条、抖音、西瓜视频、飞书、Lark、PICO、剪映、TikTok等。截至2021年6月，字节跳动旗下产品全球月活跃用户数超过19亿。"
unknown:1983318561,1983318561,unknown,电商风险研判运营（风控/平台治理）,字节跳动,互联网,融资未公开,10000人以上,西安-民乐园,30-45k·15薪,3-5年,本科,,6月10日更新,招1人,,"标题领域词=风控,风险; 标题岗位词=运营; 公司标签=互联网",https://www.liepin.com/zpfengkongyunying/ | https://www.liepin.com/zpfengxianyunying/,https://www.liepin.com/zpfengkongyunying/pn2/ | https://www.liepin.com/zpfengxianyunying/pn1/,https://www.liepin.com/job/1983318561.shtml,2026-06-13T13:46:17+08:00,2026-06-18T10:05:07+08:00,"该岗位可Base郑州/西安/成都
岗位职责
1、已知风险水位压降：针对平台已知的风险能够建立有效的处置机制流程，及时处置相关风险，压降平台风险水位；
2、新增风险场景评估：能够针对新增潜在风险进行有效评估，协同行业治理同学及时对风险定性处置，保障新增风险能够被及时发现及时处置；
3、平台风控能力建设：能够从风险治理的全链路进行分析，如：规则覆盖率，模型召回率，内容质量把控准确率，资金空置率，售后赔付率等，及时发现平台在治理各个环节的漏洞，建立有效协同机制推动问题解决，提升平台风险全链路管控能力；
4、平台产品能力运营：具备经营意识，有较强的产品思维，能够及时发现平台工具产品中可优化的问题，及时协同产品算法团队，推进问题的解决，提升业务团队整体工作效率。

任职要求
1、基础能力：本科及以上学历，具备优良的学习能力与学习意识，积极乐观；
2、行业专业力：对电商业务场景（或商业化场景）熟悉，了解电商常见风险作恶作弊场景，针对消费者的反馈，能够及时定位商家／达人违规问题者优先；
3、数据分析力：具备较强的数据分析能力，能够及时发现分析数据中的问题；能够搭建业务指标体系，通过指标体系驱动业务；
4、协同沟通能力：能够进行换位思考，能够站在不同视角思考，有条理有逻辑的沟通表达能力，并且能够建立简洁高效的运营机制；
5、项目管理运营：能够独立负责项目，建立有效高效的协同机制，能够与协同方高效沟通，共识项目推进节奏进展，保障项目能够有效推进落地。","字节跳动成立于2012年3月，公司使命为“Inspire Creativity, Enrich Life（激发创造，丰富生活）”。公司业务覆盖150个国家和地区，拥有15万名员工。
字节跳动在全球推出了多款有影响力的产品，包括今日头条、抖音、西瓜视频、飞书、Lark、PICO、剪映、TikTok等。截至2021年6月，字节跳动旗下产品全球月活跃用户数超过19亿。"
unknown:1983318565,1983318565,unknown,电商风险研判运营（风控/平台治理）,字节跳动,互联网,融资未公开,10000人以上,郑州-陇海西路,30-45k·15薪,3-5年,本科,,6月10日更新,招1人,,"标题领域词=风控,风险; 标题岗位词=运营; 公司标签=互联网",https://www.liepin.com/zpfengkongyunying/ | https://www.liepin.com/zpfengxianyunying/,https://www.liepin.com/zpfengkongyunying/pn2/ | https://www.liepin.com/zpfengxianyunying/pn1/,https://www.liepin.com/job/1983318565.shtml,2026-06-13T13:46:17+08:00,2026-06-18T10:05:07+08:00,"该岗位可Base郑州/西安/成都
岗位职责
1、已知风险水位压降：针对平台已知的风险能够建立有效的处置机制流程，及时处置相关风险，压降平台风险水位；
2、新增风险场景评估：能够针对新增潜在风险进行有效评估，协同行业治理同学及时对风险定性处置，保障新增风险能够被及时发现及时处置；
3、平台风控能力建设：能够从风险治理的全链路进行分析，如：规则覆盖率，模型召回率，内容质量把控准确率，资金空置率，售后赔付率等，及时发现平台在治理各个环节的漏洞，建立有效协同机制推动问题解决，提升平台风险全链路管控能力；
4、平台产品能力运营：具备经营意识，有较强的产品思维，能够及时发现平台工具产品中可优化的问题，及时协同产品算法团队，推进问题的解决，提升业务团队整体工作效率。

任职要求
1、基础能力：本科及以上学历，具备优良的学习能力与学习意识，积极乐观；
2、行业专业力：对电商业务场景（或商业化场景）熟悉，了解电商常见风险作恶作弊场景，针对消费者的反馈，能够及时定位商家／达人违规问题者优先；
3、数据分析力：具备较强的数据分析能力，能够及时发现分析数据中的问题；能够搭建业务指标体系，通过指标体系驱动业务；
4、协同沟通能力：能够进行换位思考，能够站在不同视角思考，有条理有逻辑的沟通表达能力，并且能够建立简洁高效的运营机制；
5、项目管理运营：能够独立负责项目，建立有效高效的协同机制，能够与协同方高效沟通，共识项目推进节奏进展，保障项目能够有效推进落地。","字节跳动成立于2012年3月，公司使命为“Inspire Creativity, Enrich Life（激发创造，丰富生活）”。公司业务覆盖150个国家和地区，拥有15万名员工。
字节跳动在全球推出了多款有影响力的产品，包括今日头条、抖音、西瓜视频、飞书、Lark、PICO、剪映、TikTok等。截至2021年6月，字节跳动旗下产品全球月活跃用户数超过19亿。"
unknown:1983318563,1983318563,unknown,电商风险研判运营（风控/平台治理）,字节跳动,互联网,融资未公开,10000人以上,高新区,30-45k·15薪,3-5年,本科,,6月10日更新,招1人,,"标题领域词=风控,风险; 标题岗位词=运营; 公司标签=互联网",https://www.liepin.com/zpfengkongyunying/ | https://www.liepin.com/zpfengxianyunying/,https://www.liepin.com/zpfengkongyunying/pn2/ | https://www.liepin.com/zpfengxianyunying/pn1/,https://www.liepin.com/job/1983318563.shtml,2026-06-13T13:46:17+08:00,2026-06-18T10:05:07+08:00,"该岗位可Base郑州/西安/成都
岗位职责
1、已知风险水位压降：针对平台已知的风险能够建立有效的处置机制流程，及时处置相关风险，压降平台风险水位；
2、新增风险场景评估：能够针对新增潜在风险进行有效评估，协同行业治理同学及时对风险定性处置，保障新增风险能够被及时发现及时处置；
3、平台风控能力建设：能够从风险治理的全链路进行分析，如：规则覆盖率，模型召回率，内容质量把控准确率，资金空置率，售后赔付率等，及时发现平台在治理各个环节的漏洞，建立有效协同机制推动问题解决，提升平台风险全链路管控能力；
4、平台产品能力运营：具备经营意识，有较强的产品思维，能够及时发现平台工具产品中可优化的问题，及时协同产品算法团队，推进问题的解决，提升业务团队整体工作效率。

任职要求
1、基础能力：本科及以上学历，具备优良的学习能力与学习意识，积极乐观；
2、行业专业力：对电商业务场景（或商业化场景）熟悉，了解电商常见风险作恶作弊场景，针对消费者的反馈，能够及时定位商家／达人违规问题者优先；
3、数据分析力：具备较强的数据分析能力，能够及时发现分析数据中的问题；能够搭建业务指标体系，通过指标体系驱动业务；
4、协同沟通能力：能够进行换位思考，能够站在不同视角思考，有条理有逻辑的沟通表达能力，并且能够建立简洁高效的运营机制；
5、项目管理运营：能够独立负责项目，建立有效高效的协同机制，能够与协同方高效沟通，共识项目推进节奏进展，保障项目能够有效推进落地。","字节跳动成立于2012年3月，公司使命为“Inspire Creativity, Enrich Life（激发创造，丰富生活）”。公司业务覆盖150个国家和地区，拥有15万名员工。
字节跳动在全球推出了多款有影响力的产品，包括今日头条、抖音、西瓜视频、飞书、Lark、PICO、剪映、TikTok等。截至2021年6月，字节跳动旗下产品全球月活跃用户数超过19亿。"
unknown:1983329403,1983329403,unknown,阿里健康-医药风控运营-杭州,阿里健康,互联网,已上市,1000-2000人,余杭区,9-14k·16薪,1年以下,本科,,6月10日更新,招1人,,标题领域词=风控; 标题岗位词=运营; 公司标签=互联网,https://www.liepin.com/zpfengkongyunying/,https://www.liepin.com/zpfengkongyunying/,https://www.liepin.com/job/1983329403.shtml,2026-06-13T13:46:17+08:00,2026-06-18T10:05:07+08:00,"职位描述
1、药品数据体系运营：负责药品知识库的智能化建设与维护，构建标准化的药品分类与标签体系，夯实风控数据基础并赋能业务场景。
2、AI合规能力建设：利用大模型技术优化合理用药规则的生产与迭代效率，协同搭建线上零售药品的合规管控链路，提升审方体系的智能化水平。
3、用药风险策略管理：依据监管要求建立高风险药品分级管控机制，全流程运营互联网医院问诊开方的风险管理策略，确保持续符合合规标准。
4、业务协同与平衡：联动业务团队评估风控策略对业务指标的影响，动态调整风险管控水位，在保障用药安全的前提下实现合规与发展的平衡。
职位要求
1. 本科及以上学历，药学、临床药学、中药学、药事管理或相关专业。
2. 了解药品分类体系、基础药理学知识。
3. 具备良好的数据敏感度与分析能力，能使用SQL等工具进行数据的整理、分析与校验。
4. 具备较强的跨部门沟通与协作能力，工作细致、责任心强，能在多方协同中推动事项落地。","阿里健康(00241.HK)是阿里巴巴集团“Double H”战略（Health and Happiness）在医疗健康领域的旗舰平台，是阿里巴巴集团投资控股的公司之一。凭借阿里巴巴集团在电子商务、大数据和云计算领域的优势，阿里健康以用户为核心，为医药健康行业提供全面的互联网解决方案，以期对现有社会医药资源实现跨区域共享配置，大幅提高就医购药的效率。 
目前，阿里健康开展的业务主要集中在医药电商、智慧医疗、产品追溯等领域。"
unknown:73730047,73730047,unknown,用户运营专家（信贷分期）-风控策略方向,某知名互联网公司,互联网金融,B轮融资,5000-10000人,杭州,35-55k·16薪,5-10年,本科,,6月10日更新,招1人,,标题领域词=风控; 标题岗位词=运营; 公司标签=互联网,https://www.liepin.com/zpfengkongyunying/,https://www.liepin.com/zpfengkongyunying/pn2/,https://www.liepin.com/a/73730047.shtml,2026-04-23T12:23:32+08:00,2026-06-18T10:05:07+08:00,"岗位描述
1、为分期规模增长负责，全链路提升分期交易转化率；
2、基于数据分析、消费者洞察，差异化运营金融要素，提升授信效率，促进用户分期支用；
3、通过数据分析，商业逻辑推演找到经营问题，并提出解决方案；
4、孵化创新产品，通过运营策略、风险策略、产品规则等，跑通经营模式，兼顾业务健康度带动规模增长。
岗位要求
1、有银行或大型互联网平台消费金融运营经验优先；有贷前、贷中风控策略经验优先；5年以上工作经验；
2、逻辑清晰且有思辨能力，具有较好的框架及抽象的能力；数据分析能力强，可以通过数据驱动挖掘业务的增长点；
3、对于消费信贷、场景金融行业有一定的理解，对于行业发展规律有深刻认识；
4、用户感和商业感兼备，尤其对年轻人群的生活、消费有较多研究，创新思考力强；
5、项目管理经验，擅长项目统筹规划及落地，结果导向，间接影响力强，沟通表达能力强，具有结构化思维能力。",
unknown:1982719679,1982719679,unknown,风险线索挖掘运营-CQC,字节跳动,互联网,融资未公开,10000人以上,北京-大钟寺,25-45k·15薪,3-5年,本科,六险一金 | 带薪休假 | 免费三餐 | 房租补贴,6月10日更新,招2人,六险一金 | 带薪休假 | 免费三餐 | 房租补贴,标题领域词=风险; 标题岗位词=运营; 公司标签=互联网,https://www.liepin.com/zpfengxianyunying/,https://www.liepin.com/zpfengxianyunying/pn1/,https://www.liepin.com/job/1982719679.shtml,2026-05-23T12:52:11+08:00,2026-06-18T10:05:07+08:00,"1、充分理解业务安全风险，建立业务风险监控体系，对业务及安全专项风险进行系统性分析、风险定位以及策略制定；
2、组织应对业务及安全专项工作，充分了解和应用内外部团队能力、推动团队相关风险挖掘能力的落地及发现能力提升，实现安全风险的有效及时发现并推进业务治理落地及风险解决效果跟进；
3、衔接业务安全需求及内部协作，平衡内外部压力，提升运营效率。","字节跳动成立于2012年3月，公司使命为“Inspire Creativity, Enrich Life（激发创造，丰富生活）”。公司业务覆盖150个国家和地区，拥有15万名员工。
字节跳动在全球推出了多款有影响力的产品，包括今日头条、抖音、西瓜视频、飞书、Lark、PICO、剪映、TikTok等。截至2021年6月，字节跳动旗下产品全球月活跃用户数超过19亿。"
unknown:1982957293,1982957293,unknown,1688-风险治理-风险策略运营,阿里巴巴集团,互联网,已上市,10000人以上,滨江区,30-35k·16薪,2年以上,本科,,6月9日更新,招1人,,标题领域词=风险; 标题岗位词=运营; 公司标签=互联网,https://www.liepin.com/zpfengxianyunying/,https://www.liepin.com/zpfengxianyunying/pn1/,https://www.liepin.com/job/1982957293.shtml,2026-06-03T14:16:53+08:00,2026-06-18T10:05:07+08:00,"职位描述
1.负责交互域内容安全策略运营，包括风险评估、安全策略制定等，保障商品合规；
2.具备较高的风险敏感度，及时掌握平台相关舆情或法律法规动向，并对其进行解读、分析、评估，完成风险防控策略部署；
3.协同上下游各职能团队，整合资源推动重要风控项目落地，平衡业务与风险，保障电商业务健康发展；
4.在对深刻理解业务的基础上，能利用数据化运营思维，深入业务数据分析，挖掘风险特征进行有效策略迭代更新；
5.在对风险和策略理解的基础上，能利用A技术提升风险识别的智能化水平和决策效率。

职位要求
1.本科或以上学历，3年或以上工作经验，具备互联网风控运营或内容安全相关经验者优先；
 2.工作态度严谨、抗压性强，具备风险识别、分析、研判的技能，并有良好的业务感知和理解能力；
 3.有良好的总结表达、沟通能力，跨团队协调能力，独立分析及解决问题的能力；
 4.具备较强的数据分析能力、能熟练运用SQL，有深度使用AI工具经验者及技术背景优先。","阿里巴巴集团的使命是让天下没有难做的生意。
我们旨在赋能企业改变营销、销售和经营的方式。我们为商家、品牌及其他企业提供基本的互联网基础设施以及营销平台，让其可借助互联网的力量与用户和客户互动。我们的业务包括核心电商、云计算、数字媒体和娱乐以及创新项目和其他业务。我们并通过子公司菜鸟网络及所投资的关联公司口碑，参与物流和本地服务行业，同时与蚂蚁金融服务集团有战略合作，该金融服务集团主要通过中国**的第三方网上支付平台支付宝运营。
我们的愿景
我们旨在构建未来的商务生态系统。我们的愿景是让客户相会、工作和生活在阿里巴巴，并持续发展最少102年。

申请此职位表明您已阅读并同意阿里巴巴及关联公司的《申请工作机会须知》，具体请看链接：***************************************************"
unknown:1983063611,1983063611,unknown,1688-风险策略运营-平台治理,阿里巴巴集团,互联网,已上市,10000人以上,滨江区,30-45k·16薪,2-5年,本科,,6月9日更新,招1人,,标题领域词=风险; 标题岗位词=运营; 公司标签=互联网,https://www.liepin.com/zpfengxianyunying/,https://www.liepin.com/zpfengxianyunying/pn1/,https://www.liepin.com/job/1983063611.shtml,2026-06-03T14:16:53+08:00,2026-06-18T10:05:07+08:00,"职位描述
1、风险治理：负责1688商家/商品的风险治理，发现并深入分析行业问题及消费者痛点，对平台的商品浮优去劣，确保商品信息的完整性、一致性、确定性；同时，具备较高的风险敏感度，能及时掌握平台相关舆情或法律法规动向，并对风险进行解读、分析、评估，完成风险防控部署；
2、赋能商家：有商家视角，在不影响平台商家经营环境的前提下，利用平台产品能力，制定合理有效的风险治理策略，优化营商环境；
3、行业机制设计：基于行业市场研究，制定行业管理规范，对商家经营资质、商品发布规范、买家保障措施进行设计，确保商家合法合规经营，提升消费者购物体验，推动行业健康发
4、项目管理：协同产品、技术等多部门或团队，解决业务问题或需求，系统化落地治理方案；
5、Al运营能力：在深刻理解业务的基础上，沉淀知识，建立可复用的skill。

职位要求
1、行业认知：对服饰、电器、百货等1-2个行业有认知，熟知行业市场特性和供应链，了解商家/商品业态并具备一定的风险管理经验；
2、运营能力：有较好的策略运营能力和一定的机制设计能力，解决问题能从点到面，能一定程度上设计生态良性的风险防控机制。
3、数据意识：对数据有敏感性，具备较强的数据分析、使用和总结能力，善于通过数据发现问题或机会；
4、有开阔的创新思维能力和清晰的问题分析和解决思路，善于用产品化的思路，用数据和新技术创新性的解决问题；
5、具备专业的项目管理能力、跨团队协调能力，能管理好过程，并拿到预期结果；
6、有好奇心与学习力，愿意承担工作的压力与使命。","阿里巴巴集团的使命是让天下没有难做的生意。
我们旨在赋能企业改变营销、销售和经营的方式。我们为商家、品牌及其他企业提供基本的互联网基础设施以及营销平台，让其可借助互联网的力量与用户和客户互动。我们的业务包括核心电商、云计算、数字媒体和娱乐以及创新项目和其他业务。我们并通过子公司菜鸟网络及所投资的关联公司口碑，参与物流和本地服务行业，同时与蚂蚁金融服务集团有战略合作，该金融服务集团主要通过中国**的第三方网上支付平台支付宝运营。
我们的愿景
我们旨在构建未来的商务生态系统。我们的愿景是让客户相会、工作和生活在阿里巴巴，并持续发展最少102年。

申请此职位表明您已阅读并同意阿里巴巴及关联公司的《申请工作机会须知》，具体请看链接：***************************************************"
unknown:76552389,76552389,unknown,风控运营总监,某成都互联网公司,"互联网,网络/信息安全,云计算/大数据",融资未公开,100-499人,成都,40-60k,5-10年,本科,,6月9日更新,招1人,五险一金 | 领导好 | 发展空间大 | 带薪年假 | 团队聚餐,标题领域词=风控; 标题岗位词=运营; 公司标签=互联网,https://www.liepin.com/zpfengkongyunying/,https://www.liepin.com/zpfengkongyunying/,https://www.liepin.com/a/76552389.shtml,2026-06-13T13:46:17+08:00,2026-06-18T10:05:07+08:00,"岗位职责
√数据链风控（核心）
●建立企业端→政府端数据全链路风控机制，确保数据采集、传输、存储、展示全节点可审计、防篡改；
●制定数据质量 SLA 标准，监控企业端数据上报的完整性、及时性、真实性，识别数据断流、数据造假、延迟超标等异常；
●牵头搭建数据异常预警体系：传感器离线、关键指标突变、数据趋势异常等场景的自动化告警与处置；
●协同技术团队推进区块链存证、数字签名等数据可信技术在产品中的落地。
√政企合规管理
●跟踪住建领域法规政策（安全生产法、建筑法、数据安全法、个人信息保护法），输出政策解读与合规应对方案；
●主导政府监管平台合规审查：确保平台通过住建部门验收标准，满足政务信息系统建设管理要求；
●跟进信创适配要求，确保产品在国产化环境中合规运行。
√业务连续性风控
●建立双端 SLA 监控体系：企业端故障直接影响政府监管能力，确保核心数据链路高可用；
●制定极端场景应急预案：大面积传感器离线、网络攻击、数据中台故障等场景的应急响应流程；
●定期组织双端联动应急演练，验收恢复时间目标（RTO）和恢复点目标（RPO）。
√项目交付风险管控
●建立政企项目招投标合规审查流程：投标承诺能兑现、合同条款不踩红线、交付标准可量化；
●监控在施项目的交付进度、数据接入质量、验收风险，前置预警延期或验收不通过的风险；
●协同售前团队把控售前承诺的可交付性，避免中标后做不了的系统性风险。
√数据主权与隐私保护
●建立政企数据分类分级体系，明确什么数据上政府端、什么数据留企业端、什么数据需双向同步；
●确保数据采集边界清晰：施工现场实名制、人脸识别等涉及个人隐私的数据，采集与使用全程合规；
●主导数据安全事件应急响应机制，定期开展渗透测试与安全审计。
√团队建设
●从 0 到 1 搭建风控运营团队（策略、数据合规、业务连续性、审计方向）；
●推动全员风险意识培训，让销售、交付、产研都理解不是能不能做，而是做了会不会出事。

任职要求：
●8 年以上风控/合规/信息安全相关经验，其中 3 年以上团队管理经验
●有产业互联网、物联网（IoT）、政企 SaaS 或 B2G 行业背景
●有等保 2.0、密评实战经验，有信创合规经验者加分
●有对接住建、应急管理、交通等部门项目经验者优先
能力
●理解 IoT + SaaS 双端联动的技术架构，能把技术风险翻译成业务语言
●熟悉政企项目招采流程（政府采购法、招标投标法），能识别合同条款中的隐性风险
●数据驱动：能搭建风险监控 Dashboard，用指标和趋势数据说话
●跨部门推动力强，能在政府客户、产研团队、交付团队三方之间建立风控共识
特质
●理解政企合作中的安全是及格线，不是加分项——红线意识必须刻在骨子里
●能和住建部门领导、国央企甲方平等对话，既讲政策也讲技术
●业务导向的风控思维：不是为了卡业务，而是为了让业务睡得着觉
●冷静果断，在应急事件中能快速定级、定责、定方案",
unknown:1983288105,1983288105,unknown,内容风控合规运营工程师(深圳),腾讯,互联网,已上市,10000人以上,南山区,30-60k·15薪,3-5年,本科,,6月9日更新,招1人,,标题领域词=风控; 标题岗位词=运营; 公司标签=互联网,https://www.liepin.com/zpfengkongyunying/,https://www.liepin.com/zpfengkongyunying/pn2/,https://www.liepin.com/job/1983288105.shtml,2026-06-13T13:46:17+08:00,2026-06-18T10:05:07+08:00,"【工作职责】
1.主要职责负责腾讯云上多类业务的安全合规工作，包括理解业务并针对性制定合规策略；
2.善于合规类违规场景挖掘特征，运用AI与大模型技术辅助设计高效的检测与打击方案；
3.结合相关政策要求及业务需求，探索AIGC、智能体（Agent）等技术在自动化风险识别与处置流程中的落地应用；
4.提供安全运营支持、协调推进跨团队项目，熟练掌握AI能对安全事件进行分析及解决；
5.通过培训/知识库/流程优化等手段，助力业务提升合规能力，沉淀AI驱动的安全运营实践与方法论。

【任职要求】
1.熟悉网络安全和web安全相关技术与原理，具备违规识别/安全检测/黑灰产对抗等方面经验；
2.较强的逻辑思维及数据分析能力，具备出色的需求分析及安全模型构建能力；
3.具备复杂项目的管理推动相关工作经验，自驱力强；优秀的创造力、逻辑思维与系统分析能力；
4.善于和他人合作，突出的文字组织能力和沟通能力，富有集体荣誉感。","【智慧连接，美好生活】腾讯长期致力于社交平台与数字内容两大核心业务，积极拥抱产业互联网，努力成为各行各业数字化助手，通过连接，提升每一个人的生活品质。

【用行动关心你的成长】 这里有着富有挑战和影响力的工作内容，完备的职业培训和晋升体系，以及灵活的内部转岗机制，带领你发现更多可能。

【迎接每个特别的你】自由包容的文化氛围让你自由发展，你的声音会被认真聆听，在这里，你遇到的不只是同事，更是并肩成长的伙伴。

【福利关怀浸透你的生活】你的努力会被铭记，你的付出会被真诚对待，舒适与科技融合的办公环境，极具竞争力的薪酬和激励体系，完善和个性化员工福利，只为回报你的尽心拼搏。"
unknown:1979636827,1979636827,unknown,内容安全产品运营-商业生态与安全,字节跳动,互联网,融资未公开,10000人以上,武侯区,20-40k·15薪,3-5年,本科,,6月8日更新,招1人,,标题领域词=内容安全; 标题岗位词=运营; 公司标签=互联网,https://www.liepin.com/zpneironganquan/,https://www.liepin.com/zpneironganquan/,https://www.liepin.com/job/1979636827.shtml,2026-04-14T14:01:30+08:00,2026-06-18T10:05:07+08:00,"职位描述: 
1、负责产品运营工作，理解产品和业务场景，面向电商内容安全业务提供相关产品能力支持，助力业务目标达成与发展；
2、与内部各业务建立良好的协作关系，及时跟进和收集相关业务需求，搭建相关需求运营机制；
3、基于数据驱动制定产品运营指标，结合AI及行业推动产品改进及运营策略优化，提升运营效率和平台产品的使用体验；
4、负责跟进不同业务的产品需求，搭建一站式解决方案，打造标杆案例及产品推广和培训体系。

职位要求: 
1、本科及以上学历，产品运营经验或相关解决方案运营经验优先，AI产品运营经验优先；
2、有良好的组织沟通和推进能力，能够在复杂环境下沟通协作；
3、工作态度严谨，逻辑思维清晰，有追求细节的意识；
4、较强的逻辑分析能力和项目管理能力。","字节跳动成立于2012年3月，公司使命为“Inspire Creativity, Enrich Life（激发创造，丰富生活）”。公司业务覆盖150个国家和地区，拥有15万名员工。
字节跳动在全球推出了多款有影响力的产品，包括今日头条、抖音、西瓜视频、飞书、Lark、PICO、剪映、TikTok等。截至2021年6月，字节跳动旗下产品全球月活跃用户数超过19亿。"
unknown:76453399,76453399,unknown,风控运营总监,某成都互联网公司,"互联网,网络/信息安全,云计算/大数据",融资未公开,100-499人,成都,40-60k,8-10年,本科,,6月5日更新,招1人,领导好 | 发展空间大 | 公司规模大 | 扁平管理 | 管理规范,标题领域词=风控; 标题岗位词=运营; 公司标签=互联网,https://www.liepin.com/zpfengkongyunying/,https://www.liepin.com/zpfengkongyunying/,https://www.liepin.com/a/76453399.shtml,2026-06-13T13:46:17+08:00,2026-06-18T10:05:07+08:00,"岗位职责
全链路数据风控建设（核心）
搭建企业 - 政府双向数据全生命周期风控体系，覆盖采集、传输、存储、展示全流程，实现数据可溯源、防篡改；制定数据质量 SLA 管控标准，常态化核查数据完整度、时效性、真实性，甄别数据错报、漏报、造假、断档等问题；落地自动化异常预警平台，针对传感器掉线、指标异动、数据偏离等场景配置告警规则；联合研发落地区块链存证、数字签名等可信技术落地应用。
政企合规管控
跟踪《数据安全法》《个人信息保护法》《建筑法》《安全生产法》及住建行业监管新规，输出政策拆解与落地合规方案；负责监管类平台合规内审，保障产品满足住建系统验收规范；统筹产品信创适配整改，达成国产化环境合规落地要求。
业务连续性风险管理
搭建政企两端 SLA 监控体系，保障监管链路持续可用；编制网络攻击、批量传感器故障、中台宕机等极端场景应急预案，常态化组织政企联合应急演练，落地 RTO/RPO 指标管控。
政企项目全周期风控
建立招投标、合同全流程风控审核机制，前置核查投标条款、交付标准合规性；全流程跟进在建项目数据接入、落地进度，提前预警验收、延期风险；协同售前评审方案，规避不合理承诺带来的交付隐患。
数据隐私与主权管理
搭建政企数据分类分级管理制度，划定数据存储、同步、上报边界；规范人脸识别、工地实名制等隐私类数据采集使用规则；搭建数据安全突发事件处置流程，定期组织安全审计、渗透测试。
风控团队搭建与运营
从零组建合规、数据风控、业务风控专项团队；搭建风控培训体系，面向销售、研发、交付开展合规宣导，落地全员风控红线管理。
任职要求
一、工作经验
8 年及以上风控、合规、信息安全相关从业经历，不少于 3 年团队搭建与管理经验；
具备产业互联网、物联网 IoT、政企 SaaS、B2G 政务项目实操经验；
拥有等保 2.0 测评、密评落地实战经历，具备信创项目合规整改经验优先；
过往有住建、应急、交通类政府项目对接风控经验优先。
二、专业能力
通晓 IoT+SaaS 产品技术架构，可将技术风险转化为业务管控方案；
精通招投标法、政府采购法，具备招投标、合同隐性风险识别能力；
擅长以数据搭建风控看板，通过量化指标落地风险管控；
优秀跨部门统筹能力，可协同政府甲方、研发、交付多方达成风控落地共识。
三、职业素养
极强合规红线思维，深刻理解政企项目安全合规为硬性准入标准；
具备国央企、住建主管单位高层对接沟通能力，兼顾政策与技术双向输出；
务实型风控理念，平衡合规管控与业务落地；突发事件处置果断，可快速制定分级处置方案。",
unknown:1981690291,1981690291,unknown,内容安全运营,拼多多集团-PDD,"互联网,电子商务",10000人以上,,上海-古北,15-30k·16薪,3年以上,本科,五险一金 | 绩效奖金 | 扁平管理 | 餐费补贴,6月5日更新,招1人,五险一金 | 绩效奖金 | 扁平管理 | 餐费补贴 | 交通补助 | 发展空间大 | 管理规范 | 国际知名优势 | 岗位晋升 | 公司规模大,标题领域词=内容安全; 标题岗位词=运营; 公司标签=互联网,https://www.liepin.com/zpneironganquan/ | https://www.liepin.com/zpneironganquanyunying/,https://www.liepin.com/zpneironganquan/ | https://www.liepin.com/zpneironganquanyunying/,https://www.liepin.com/job/1981690291.shtml,2026-04-22T12:20:27+08:00,2026-06-18T10:05:07+08:00,"岗位职责：
1. 根据国家法律法规，制定文字、图像等内容安全相关的审核规则与制度；
2. 通过数据分析，找到风险的本质特征，通过产品化的方案，搭建内容安全体系；
3. 优化审核规则、审核策略，协调、管理外包团队，保障平台内容安全；
4. 深入理解互联网内容安全业务，聚焦用户体验，持续优化内部流程和风险模型。
任职要求：
1. 统招本科及以上学历，3年及以上内容安全运营经验，有互联网相关工作经验优先；
2. 逻辑清晰，有一定的数据分析和产品运营能力，较好的业务敏感度；
3. 熟悉内容安全相关法律法规，热衷于内容安全问题的研究。","创立于2015年4月，2018年7月在美国纳斯达克上市（NASDAQ：PDD）。作为新电商创新者，拼多多集团-PDD致力于以创新的消费者体验，融合“多实惠”和“多乐趣”，为广大用户创造持久的价值。
目前，拼多多集团-PDD在国内拥有年活跃买家9亿左右，活跃商家逾1400万，日均在途包裹数超过1亿件，旗下经营有中国大陆地区超大用户规模的电商平台和大型农副产品线上零售平台。
拼多多通过“线上下单+线下自提”的半预购模式，为广大消费者提供实惠、安心、便民的服务，目前已覆盖内地除西藏外的30个省级行政区，提货点开进了全国70%的行政村。
为助力中国制造出海，拼多多集团-PDD于2022年9月推出多多跨境，以新技术赋能出海业务，降低出海门槛，拓宽订单渠道，助力品牌培育，至今已深入中国百余个制造业产业带，推动上万家制造企业的优质产品进入北美、欧洲、亚洲等70多个国家和地区。"
unknown:1983129855,1983129855,unknown,大模型运营（电商内容安全产品方向）,字节跳动,互联网,融资未公开,10000人以上,高新区,18-35k·15薪,3年以上,本科,,6月4日更新,招1人,,标题领域词=内容安全; 标题岗位词=运营; 公司标签=互联网,https://www.liepin.com/zpneironganquan/,https://www.liepin.com/zpneironganquan/,https://www.liepin.com/job/1983129855.shtml,2026-06-11T14:05:52+08:00,2026-06-18T10:05:07+08:00,"该岗位可Base西安/郑州/成都
职位描述
1、负责产品运营工作，理解产品和业务场景，面向电商内容安全业务提供相关产品能力支持，助力业务目标达成与发展；
2、与内部各业务建立良好的协作关系，及时跟进和收集相关业务需求，搭建相关需求运营机制；
3、基于数据驱动制定产品运营指标，结合AI及行业前沿推动产品改进及运营策略优化，提升运营效率和平台产品的使用体验；
4、负责跟进不同业务的产品需求，搭建一站式解决方案，打造标杆案例及产品推广和培训体系。
职位要求
1、本科及以上学历，产品运营经验或相关解决方案运营经验优先，AI产品运营经验优先；
2、有良好的组织沟通和推进能力，能够在复杂环境下沟通协作；
3、工作态度严谨，逻辑思维清晰，有追求细节的意识；
4、较强的逻辑分析能力和项目管理能力。","字节跳动成立于2012年3月，公司使命为“Inspire Creativity, Enrich Life（激发创造，丰富生活）”。公司业务覆盖150个国家和地区，拥有15万名员工。
字节跳动在全球推出了多款有影响力的产品，包括今日头条、抖音、西瓜视频、飞书、Lark、PICO、剪映、TikTok等。截至2021年6月，字节跳动旗下产品全球月活跃用户数超过19亿。"
unknown:1981566743,1981566743,unknown,不动产招商运营风控,阿里巴巴集团,互联网,已上市,10000人以上,杭州,10-20k·13薪,5年以上,本科,绩效奖金 | 五险一金,6月4日更新,招1人,绩效奖金 | 五险一金,标题领域词=风控; 标题岗位词=运营; 公司标签=互联网,https://www.liepin.com/zpfengkongyunying/,https://www.liepin.com/zpfengkongyunying/pn2/,https://www.liepin.com/job/1981566743.shtml,2026-04-14T14:01:30+08:00,2026-06-18T10:05:07+08:00,"（一）岗位描述：
1、根据公司内部控制策略和管理需要，开展内部稽核及风控工作。
2、能够独立开展办公园区、商业项目物业管理、招商、运营稽核工作，编制稽核方案，对物业、办公、商业招商及运营管理的合规性、履约情况及内部管理情况进行检查，识别风险、评估风险并提出改进治理意见；编制整理稽核工作底稿及稽核报告。
3、推进稽核发现的改进工作，与改进责任人积极配合，确保相关问题得到及时有效的改进。
4、对物业、招商、运营全流程管理中存在的风险进行系统性梳理。
5、完成主管交办的其他任务。
6、本岗位为直管岗位。
（二）岗位要求：
1、专业背景：工商管理、市场营销、商务管理、房地产经营管理、会计学、审计学等相关专业，本科及以上学历。
2、经验要求：有5年以上的办公业态或商业业态的物业、招商、运营管理工作经验，有完整的从0到1物业管理体系搭建、招商落地或成熟项目运营升级经验者及审计、稽核经验的优先。
3、学习能力强，能适应快速多变的业务需求。
4、原则性强，具备高度的职业道德和保密意识。
5、逻辑性强，良好的文字表达、沟通协调能力。
6、能适应短期出差。
（三）工作地点
浙江省杭州市","阿里巴巴集团的使命是让天下没有难做的生意。
我们旨在赋能企业改变营销、销售和经营的方式。我们为商家、品牌及其他企业提供基本的互联网基础设施以及营销平台，让其可借助互联网的力量与用户和客户互动。我们的业务包括核心电商、云计算、数字媒体和娱乐以及创新项目和其他业务。我们并通过子公司菜鸟网络及所投资的关联公司口碑，参与物流和本地服务行业，同时与蚂蚁金融服务集团有战略合作，该金融服务集团主要通过中国**的第三方网上支付平台支付宝运营。
我们的愿景
我们旨在构建未来的商务生态系统。我们的愿景是让客户相会、工作和生活在阿里巴巴，并持续发展最少102年。

申请此职位表明您已阅读并同意阿里巴巴及关联公司的《申请工作机会须知》，具体请看链接：***************************************************"
